{
  "Total" : {
    "transaction" : "Total",
    "sampleCount" : 300,
    "errorCount" : 0,
    "errorPct" : 0.0,
    "meanResTime" : 748.5433333333335,
    "medianResTime" : 762.0,
    "minResTime" : 156.0,
    "maxResTime" : 1117.0,
    "pct1ResTime" : 1030.8000000000002,
    "pct2ResTime" : 1062.6999999999998,
    "pct3ResTime" : 1101.0,
    "throughput" : 178.04154302670625,
    "receivedKBytesPerSec" : 1760.4205304154302,
    "sentKBytesPerSec" : 35.1214762611276
  },
  "GET receive_by_id" : {
    "transaction" : "GET receive_by_id",
    "sampleCount" : 300,
    "errorCount" : 0,
    "errorPct" : 0.0,
    "meanResTime" : 748.5433333333335,
    "medianResTime" : 762.0,
    "minResTime" : 156.0,
    "maxResTime" : 1117.0,
    "pct1ResTime" : 1030.8000000000002,
    "pct2ResTime" : 1062.6999999999998,
    "pct3ResTime" : 1101.0,
    "throughput" : 178.04154302670625,
    "receivedKBytesPerSec" : 1760.4205304154302,
    "sentKBytesPerSec" : 35.1214762611276
  }
}